experiment,f1,precision,recall,roc_auc,n_train,n_val,n_test,seed
utterance_clean,0.7329192546583851,0.7065868263473054,0.7612903225806451,0.841720430107527,1983,425,425,42
utterance_disfluency_tagged,0.08641975308641975,1.0,0.04516129032258064,0.8035125448028673,1983,425,425,42
